COD_BARRIO;BARRIO;COD_DISTRITO;DISTRITO;COORD_GIS_X;COORD_GIS_Y;SISTEMA_COORD;LATITUD;LONGITUD;TIPO_VIA;NOM_VIA;NUM_VIA;COD_POSTAL;DIRECCION_AUX;NDP;CONTRATO_COD
97;ARAVACA;9;MONCLOA - ARAVACA;433267,985;4478349,75;ETRS89;40,45313183;-3,78699702;CALLE;ESCULTOR PERESEJO;60;28023;ESCULTOR PERESEJO, 60-6 (PARQUE ARROYO POZUELO);20063772;AE21
44;GUINDALERA;4;SALAMANCA;444014,402;4477014,432;ETRS89;40,44189596;-3,66015131;AVENIDA;BRASILIA;6;28028;AVENIDA DE BRASILIA, 6;31026007;AE21
62;CUATRO CAMINOS;6;TETUAN;440796,973;4478265,171;ETRS89;40,4529403;-3,69820345;AVENIDA;GENERAL PERON;5;28020;;11029966;AE21
191;CASCO HISTORICO DE VICALVARO;19;VICALVARO;449242,72;4473418,808;ETRS89;40,40983985;-3,59821817;PASEO;POLIDEPORTIVO;144;28032;PASEO POLIDEPORTIVO, 000144;20154043;AE21
113;SAN ISIDRO;11;CARABANCHEL;438262,046;4471523,777;ETRS89;40,3920266;-3,72744206;CALLE;EL TOBOSO;25;28019;EL TOBOSO, 000025;11073134;AE21
182;SANTA EUGENIA;18;VILLA DE VALLECAS;448301,546;4470260,534;ETRS89;40,38133007;-3,60905371;CALLE;ZAZUAR;12;28031;ZAZUAR, 000012;31011883;AE21
182;SANTA EUGENIA;18;VILLA DE VALLECAS;448611,623;4469846,573;ETRS89;40,37762;-3,60536754;CALLE;POZA DE LA SAL;19;28031;POZA DE LA SAL, 000019;11131700;AE21
181;CASCO HISTORICO DE VALLECAS;18;VILLA DE VALLECAS;447019,825;4469328,459;ETRS89;40,3728528;-3,6240752;CALLE;BABILAFUENTE;1;28031;BABILAFUENTE, 000001;20170576;AE21
52;PROSPERIDAD;5;CHAMARTIN;443654,16;4478163,306;ETRS89;40,45222125;-3,66450074;CALLE;PADRE CLARET;38;28002;PARQUE RODIGUEZ DE LA FUENTE;31041818;AE21
124;ALMENDRALES;12;USERA;441061,856;4470414,013;ETRS89;40,38223207;-3,69435231;CALLE;AÑAFIL;14;28026;AÑAFIL, 000014;31009895;AE21
172;SAN CRISTOBAL;17;VILLAVERDE;441299,281;4466363,195;ETRS89;40,34575672;-3,69118255;CALLE;BENIFERRI;2;28021;BENIFERRI, 000002;11126150;AE21
52;PROSPERIDAD;5;CHAMARTIN;443204,749;4476943,933;ETRS89;40,44120596;-3,66969138;CALLE;CORAZON DE MARIA;18;28002;PARQUE PUERTA DE AMERICA;20120209;AE21
126;ZOFIO;12;USERA;439010,211;4469993,197;ETRS89;40,3782935;-3,71848076;AVENIDA;PRINCESA JUANA DE AUSTRIA;47;28021;AVDA PRINCESA JUANA DE AUSTRIA, 000047;20127260;AE21
85;LA PAZ;8;FUENCARRAL - EL PARDO;440597,409;4481480,158;ETRS89;40,48188794;-3,70085782;CALLE;PEDRO RICO;1;28029;PARQUE NORTE 3 (ANTONIO LOPEZ AGUADO);20103366;AE21
87;MIRASIERRA;8;FUENCARRAL - EL PARDO;438497,359;4482668,087;ETRS89;40,49243629;-3,72574854;CALLE;MARIA DE MAEZTU;108;28049;CALLE MARIA DE MAEZTU, 108 C/V SENDA DEL INFANTE;31052003;AE21
192;VALDEBERNARDO;19;VICALVARO;446968,129;4472539,445;ETRS89;40,40177619;-3,62495143;CALLE;LADERA DE LOS ALMENDROS;14E;28032;LADERA DE LOS ALMENDROS, 000014  E;20151600;AE21
192;VALDEBERNARDO;19;VICALVARO;447538,376;4471701,764;ETRS89;40,39426594;-3,61816273;AVENIDA;DEMOCRACIA;50;28031;AVDA DEMOCRACIA, 000050;20165254;AE21
183;ENSANCHE DE VALLECAS;18;VILLA DE VALLECAS;449416,792;4468380,836;ETRS89;40,36446482;-3,59576665;CALLE;MARIA TERESA LEON;1G;28051;MARÍA TERESA LEÓN, 000001  G;31026567;AE21
182;SANTA EUGENIA;18;VILLA DE VALLECAS;448854,008;4469974,395;ETRS89;40,37878642;-3,60252259;CALLE;POZA DE LA SAL;3;28031;POZA DE LA SAL, 000003;11131688;AE21
181;CASCO HISTORICO DE VALLECAS;18;VILLA DE VALLECAS;446970,232;4469259,493;ETRS89;40,37222835;-3,62465361;CALLE;BABILAFUENTE;2;28031;BABILAFUENTE, 000002;20170570;AE21
181;CASCO HISTORICO DE VALLECAS;18;VILLA DE VALLECAS;446183,7;4469509,077;ETRS89;40,37442636;-3,63393894;CARRETERA;VILLAVERDE A VALLECAS;289;28031;CTRA VILLAVERDE A VALLECAS, 000289;20180908;AE21
173;BUTARQUE;17;VILLAVERDE;442618,92;4466792,656;ETRS89;40,34971738;-3,67568386;AVENIDA;LOS ROSALES;116;28021;AVDA LOS ROSALES, 000116;31005158;AE21
181;CASCO HISTORICO DE VALLECAS;18;VILLA DE VALLECAS;446385,044;4468656,83;ETRS89;40,36676172;-3,63149564;CALLE;PERALES DEL RIO;14;28031;PERALES DEL RÍO, 000014;31042406;AE21
194;EL CAÑAVERAL;19;VICALVARO;452083,521;4472894,743;ETRS89;40,40528707;-3,56469902;CALLE;ALTO DEL ESPARRAGAL;214;28052;ALTO DEL ESPARRAGAL, 000214;31047359;AE21
44;GUINDALERA;4;SALAMANCA;444017,168;4476843,826;ETRS89;40,44035924;-3,66010367;AVENIDA;BRASILIA;4;28028;PARQUE LAS AVENIDAS;31026006;AE21
145;FONTARRON;14;MORATALAZ;444361,494;4473025,978;ETRS89;40,40598907;-3,65570985;AVENIDA;MORATALAZ;54;28030;AVDA MORATALAZ, 000054;20152921;AE21
86;VALVERDE;8;FUENCARRAL - EL PARDO;441925,662;4481663,994;ETRS89;40,48363797;-3,68520443;AVENIDA;LLANO CASTELLANO;3;28034;PARQUE DE BEGOÑA;11047058;AE21
71;GAZTAMBIDE;7;CHAMBERI;439610,456;4476075,538;ETRS89;40,43312982;-3,71198732;CALLE;MELENDEZ VALDES;32;28015;;20013208;AE21
65;VALDEACEDERAS;6;TETUAN;439810,18;4479701,686;ETRS89;40,46581011;-3,70997645;;;;;PARQUE AGUSTIN RODRIGUEZ SAHAGUN;31028439;AE21
117;ABRANTES;11;CARABANCHEL;438845,589;4469702,123;ETRS89;40,37565929;-3,72039199;AVENIDA;PRINCESA JUANA DE AUSTRIA;43;28021;AVDA PRINCESA JUANA DE AUSTRIA, 000043;20026320;AE21
116;BUENAVISTA;11;CARABANCHEL;437755,388;4469213,208;ETRS89;40,3711742;-3,73318571;AVENIDA;EURO;12A;28054;AVDA EURO, 000012  A;31045888;AE21
127;PRADOLONGO;12;USERA;440129,743;4469313,668;ETRS89;40,37225312;-3,70522942;AVENIDA;POBLADOS;169;28041;AVDA POBLADOS, 000169;31007159;AE21
121;ORCASITAS;12;USERA;439874,083;4468712,145;ETRS89;40,36681588;-3,70818397;CALLE;SIMCA;4;28041;SIMCA, 000004;31002263;AE21
131;ENTREVIAS;13;PUENTE DE VALLECAS;443686,861;4469940,648;ETRS89;40,37814925;-3,66338721;AVENIDA;ENTREVIAS;92;28053;AVDA ENTREVÍAS, 000092;11088012;AE21
143;MARROQUINA;14;MORATALAZ;445697,526;4473557,912;ETRS89;40,41086927;-3,64001081;AVENIDA;DOCTOR GARCIA TAPIA;123;28030;AVDA DOCTOR GARCÍA TAPIA, 000123;11101400;AE21
141;PAVONES;14;MORATALAZ;446857,937;4472751,371;ETRS89;40,40367833;-3,6262676;CALLE;ATENAS;6B;28030;ATENAS, 000006  B;20129222;AE21
72;ARAPILES;7;CHAMBERI;439726,495;4476117,506;ETRS89;40,4335163;-3,71062331;CALLE;GALILEO;35;28015;;31044128;AE21
183;ENSANCHE DE VALLECAS;18;VILLA DE VALLECAS;449679,035;4468767,417;ETRS89;40,3679633;-3,59270862;CALLE;ALTO DEL RETIRO;13;28051;ALTO DEL RETIRO, 000013;31045486;AE21
172;SAN CRISTOBAL;17;VILLAVERDE;441319,917;4466329,168;ETRS89;40,34545163;-3,69093646;CALLE;BURJASOT;6;28021;BURJASOT, 000006;11126090;AE21
175;ANGELES;17;VILLAVERDE;440142,922;4467232,006;ETRS89;40,3535013;-3,70487883;CALLE;LA TABERNERA DEL PUERTO;71;28041;LA TABERNERA DEL PUERTO, 000071;31055514;AE21
171;VILLAVERDE ALTO - CASCO HISTORICO DE VILLAVERDE;17;VILLAVERDE;439209,51;4466641,075;ETRS89;40,34811036;-3,71581362;CALLE;SULFATO;22E;28021;SULFATO, 000022  E;20162505;AE21
24;LEGAZPI;2;ARGANZUELA;441938,701;4470854,699;ETRS89;40,38626357;-3,68406303;CALLE;PUERTO DE LA CRUZ VERDE;23;28045;Parque Enrique Tierno Galván;20118243;AE21
105;CAMPAMENTO;10;LATINA;434271,754;4471852,528;ETRS89;40,39468279;-3,7744886;CALLE;CINE;33;28024;;11066850;AE21
113;SAN ISIDRO;11;CARABANCHEL;438192,2;4472295,049;ETRS89;40,39896939;-3,72833983;PASEO;ERMITA DEL SANTO;74B;28019;PASEO ERMITA DEL SANTO, 000074  B;31048276;AE21
114;VISTA ALEGRE;11;CARABANCHEL;436321,807;4470514,142;ETRS89;40,38278531;-3,75020063;CALLE;FERNANDO DELGADO;8;28047;FERNANDO DELGADO, 000008;11074893;AE21
121;ORCASITAS;12;USERA;439068,846;4468763,844;ETRS89;40,36722314;-3,71767257;CALLE;BEASAIN;45;28041;BEASAIN, 000045;31030933;AE21
134;PALOMERAS SURESTE;13;PUENTE DE VALLECAS;446218,377;4471206,796;ETRS89;40,38972276;-3,63367377;CALLE;RAFAEL FERNANDEZ HIJICOS;23;28038;AVDA MIGUEL HERNÁNDEZ, 000011;11096620;AE21
131;ENTREVIAS;13;PUENTE DE VALLECAS;443212,722;4469309,766;ETRS89;40,37243371;-3,66891616;RONDA;SUR;219;28053;RDA SUR, 000008;20084211;AE21
142;HORCAJO;14;MORATALAZ;446663,399;4473627,638;ETRS89;40,41155985;-3,6286335;CALLE;FUENTE CARRANTONA;61;28030;FUENTE CARRANTONA, 000061;31041857;AE21
64;ALMENARA;6;TETUAN;440974,383;4480217,328;ETRS89;40,47053876;-3,6962929;CALLE;MONTOYA;57;28029;;11033227;AE21
162;PIOVERA;16;HORTALEZA;446686,97;4478402,96;ETRS89;40,45458025;-3,62875627;;;;28043;;;PV24
173;BUTARQUE;17;VILLAVERDE;442819,542;4466123,631;ETRS89;40,34370415;-3,67326168;CALLE;ESTEFANITA;11;28021;ESTEFANITA, 000074;31035895;AE21
175;ANGELES;17;VILLAVERDE;440280,152;4467622,804;ETRS89;40,35703167;-3,7032995;CALLE;LA TABERNERA DEL PUERTO;25;28041;LA TABERNERA DEL PUERTO, 000025;31053320;AE21
175;ANGELES;17;VILLAVERDE;440607,712;4467971,266;ETRS89;40,36019421;-3,69947465;CALLE;LA CANCION DEL OLVIDO;52;28041;LA CANCIÓN DEL OLVIDO, 000052;11129069;AE21
85;LA PAZ;8;FUENCARRAL - EL PARDO;441321,504;4481281,733;ETRS89;40,48015194;-3,69229686;AVENIDA;MONFORTE DE LEMOS;8;28029;;20095286;AE21
107;AGUILAS;10;LATINA;435373,69;4469890,539;ETRS89;40,37709464;-3,76130634;CALLE;ROMPEDIZO;15;28044;;31008043;AE21
101;LOS CARMENES;10;LATINA;438156,422;4472917,16;ETRS89;40,40457098;-3,72882185;AVENIDA;CAPRICHOS;14;28011;PARQUE CARAMUEL;20148982;AE21
101;LOS CARMENES;10;LATINA;437386,834;4472392,482;ETRS89;40,39978694;-3,73783906;CALLE;CONCEJAL FRANCISCO JOSE JIMENEZ MARTIN;5;28047;;31012806;AE21
192;VALDEBERNARDO;19;VICALVARO;446881,878;4472327,78;ETRS89;40,39986388;-3,62595013;AUTOVIA;M-40;1500EX;28032;AUTOV M-40, 001500 EX;31031401;AE21
191;CASCO HISTORICO DE VICALVARO;19;VICALVARO;449811,476;4473216,056;ETRS89;40,40804781;-3,59149924;CALLE;ABAD JUAN CATALAN;70;28032;ABAD JUAN CATALÁN, 000070;31037333;AE21
134;PALOMERAS SURESTE;13;PUENTE DE VALLECAS;446093,715;4470974,621;ETRS89;40,38762312;-3,63512285;AVENIDA;MIGUEL HERNANDEZ;48;28038;AVDA MIGUEL HERNÁNDEZ, 000048;20035278;AE21
143;MARROQUINA;14;MORATALAZ;446299,512;4473516,39;ETRS89;40,41053426;-3,63291269;CALLE;JOSE BERGAMIN;60;28030;;20091486;AE21
86;VALVERDE;8;FUENCARRAL - EL PARDO;441732,955;4482634,798;ETRS89;40,49236985;-3,68756722;CALLE;ISLAS JARVI;5;28034;;11047612;AE21
192;VALDEBERNARDO;19;VICALVARO;446937,562;4472529,877;ETRS89;40,40168805;-3,62531082;CALLE;LADERA DE LOS ALMENDROS;18E;28032;;20161345;AE21
65;VALDEACEDERAS;6;TETUAN;439802,729;4479792,325;ETRS89;40,46662608;-3,71007293;CALLE;VILLAAMIL;90;28039;;31050938;AE21
191;CASCO HISTORICO DE VICALVARO;19;VICALVARO;447694,556;4473645,062;ETRS89;40,41178225;-3,61648223;AVENIDA;DAROCA;299;28032;;31041868;AE21
192;VALDEBERNARDO;19;VICALVARO;446807,164;4471806,38;ETRS89;40,39516201;-3,62678696;CALLE;PENDULO;3A;28032;;20123311;AE21
15;UNIVERSIDAD;1;CENTRO;440200,781;4474716,44;ETRS89;40,4209291;-3,70490011;PLAZA;SANTA MARIA SOLEDAD TORRES ACOSTA;1 B;28004;;31037270;AE21
171;VILLAVERDE ALTO - CASCO HISTORICO DE VILLAVERDE;17;VILLAVERDE;440624,653;4465016,489;ETRS89;40,33357704;-3,6990003;CALLE;TRANSVERSAL SEXTA;20;28021;TRANSVERSAL SEXTA, 000020;20161828;AE21
208;EL SALVADOR;20;SAN BLAS-CANILLEJAS;446806,723;4477231,211;ETRS89;40,44403215;-3,62724588;;;;;;;PV24
93;CIUDAD UNIVERSITARIA;9;MONCLOA - ARAVACA;438984,052;4479183,02;ETRS89;40,46107752;-3,71967055;;;;;;;PV24
93;CIUDAD UNIVERSITARIA;9;MONCLOA - ARAVACA;438927,647;4479067,913;ETRS89;40,46003645;-3,72032471;;;;;;;PV24
93;CIUDAD UNIVERSITARIA;9;MONCLOA - ARAVACA;438919,845;4479141,437;ETRS89;40,46069821;-3,7204238;;;;;;;PV24
93;CIUDAD UNIVERSITARIA;9;MONCLOA - ARAVACA;439096,557;4478435,004;ETRS89;40,45434736;-3,71827191;;;;;;;PV24
93;CIUDAD UNIVERSITARIA;9;MONCLOA - ARAVACA;438968,481;4478488,091;ETRS89;40,45481619;-3,71978738;;;;;;;PV24
93;CIUDAD UNIVERSITARIA;9;MONCLOA - ARAVACA;438874,688;4478522,312;ETRS89;40,45511758;-3,72089676;;;;;;;PV24
93;CIUDAD UNIVERSITARIA;9;MONCLOA - ARAVACA;438725,332;4478429,974;ETRS89;40,45427476;-3,72264918;;;;;;;PV24
93;CIUDAD UNIVERSITARIA;9;MONCLOA - ARAVACA;438638,666;4478404,847;ETRS89;40,45404201;-3,72366878;;;;;;;PV24
93;CIUDAD UNIVERSITARIA;9;MONCLOA - ARAVACA;438572,422;4478400,727;ETRS89;40,45400001;-3,72444958;;;;;;;PV24
93;CIUDAD UNIVERSITARIA;9;MONCLOA - ARAVACA;438570,968;4478446,594;ETRS89;40,45441309;-3,72447116;;;;;;;PV24
93;CIUDAD UNIVERSITARIA;9;MONCLOA - ARAVACA;438665,869;4478560,511;ETRS89;40,4554463;-3,72336302;;;;;;;PV24
93;CIUDAD UNIVERSITARIA;9;MONCLOA - ARAVACA;438624,853;4478663,043;ETRS89;40,45636692;-3,72385663;;;;;;;PV24
93;CIUDAD UNIVERSITARIA;9;MONCLOA - ARAVACA;438637,214;4478757,722;ETRS89;40,45722074;-3,72372001;;;;;;;PV24
93;CIUDAD UNIVERSITARIA;9;MONCLOA - ARAVACA;438687,323;4478862,406;ETRS89;40,45816747;-3,72313918;;;;;;;PV24
93;CIUDAD UNIVERSITARIA;9;MONCLOA - ARAVACA;438526,878;4478941,323;ETRS89;40,45886653;-3,72503901;;;;;;;PV24
93;CIUDAD UNIVERSITARIA;9;MONCLOA - ARAVACA;438475,265;4478974,779;ETRS89;40,45916409;-3,72565095;;;;;;;PV24
85;LA PAZ;8;FUENCARRAL - EL PARDO;441083,071;4481248,953;ETRS89;40,47983976;-3,69510669;AVENIDA;MONFORTE DE LEMOS;12;28029;PARQUE NORTE;20095292;AE21
104;ALUCHE;10;LATINA;435282,347;4472326,805;ETRS89;40,3990344;-3,7626298;PASEO;EXTREMADURA;351;28011;CALLE SESEÑA, 34;11068877;AE21
103;LUCERO;10;LATINA;436461,177;4472216,336;ETRS89;40,39813003;-3,74872863;CALLE;CUART DE POBLET;19;28047;PARQUE CUÑA VERDE;31016351;AE21
192;VALDEBERNARDO;19;VICALVARO;447539,093;4472342,717;ETRS89;40,40004011;-3,61820709;CALLE;CORDEL DE PAVONES;9;28032;CORDEL DE PAVONES, 000009;31006992;AE21
191;CASCO HISTORICO DE VICALVARO;19;VICALVARO;447675,678;4473620,376;ETRS89;40,41155868;-3,61670268;AVENIDA;DAROCA;299;28032;AVDA DAROCA, 000299;31041868;AE21
62;CUATRO CAMINOS;6;TETUAN;441208,424;4477835,587;ETRS89;40,44909962;-3,69331162;PASEO;CASTELLANA;75 B;28046;;20181752;AE21
191;CASCO HISTORICO DE VICALVARO;19;VICALVARO;448363,978;4473628,964;ETRS89;40,41167903;-3,60859141;CALLE;VEREDA DEL PINAR;1;28032;;20047853;AE21
102;PUERTA DEL ANGEL;10;LATINA;437504,272;4473016,313;ETRS89;40,4054155;-3,73651652;CALLE;SAN CANUTO;16;28011;;11062270;AE21
192;VALDEBERNARDO;19;VICALVARO;447051,449;4472853,546;ETRS89;40,40461112;-3,62399573;CALLE;LADERA DE LOS ALMENDROS;2;28032;;31023316;AE21
194;EL CAÑAVERAL;19;VICALVARO;452953,836;4471968,827;ETRS89;40,39699535;-3,55437432;CALLE;ANNA FRANK;1;28052;;31037313;AE21
86;VALVERDE;8;FUENCARRAL - EL PARDO;443003,48;4484597,568;ETRS89;40,51013948;-3,67275228;CALLE;PALAS DE REY;17;28050;JUNTO PISTA DEPORTIVA;31044373;AE21
191;CASCO HISTORICO DE VICALVARO;19;VICALVARO;449829,913;4473255,762;ETRS89;40,40840662;-3,59128509;CALLE;ABAD JUAN CATALAN;70;28032;;31037333;AE21
54;HISPANOAMERICA;5;CHAMARTIN;442938,95;4478431,555;ETRS89;40,45458897;-3,67295895;CALLE;PUERTO RICO;22;28016;PARQUE ORLANDO ZAPATA TAMAYO;11024272;AE21
43;FUENTE DEL BERRO;4;SALAMANCA;444022,658;4474918,597;ETRS89;40,42301612;-3,65986938;;;;;;;PV24
93;CIUDAD UNIVERSITARIA;9;MONCLOA - ARAVACA;439202,418;4478775,355;ETRS89;40,45742112;-3,71705611;;;;;;;PV24
93;CIUDAD UNIVERSITARIA;9;MONCLOA - ARAVACA;438897,19;4478964,46;ETRS89;40,45910227;-3,72067395;;;;;;;PV24
93;CIUDAD UNIVERSITARIA;9;MONCLOA - ARAVACA;439219,998;4478724,406;ETRS89;40,45696344;-3,71684391;;;;;;;PV24
93;CIUDAD UNIVERSITARIA;9;MONCLOA - ARAVACA;439076,979;4478382,736;ETRS89;40,45387507;-3,71849777;;;;;;;PV24
93;CIUDAD UNIVERSITARIA;9;MONCLOA - ARAVACA;438967,331;4478495,705;ETRS89;40,4548847;-3,71980167;;;;;;;PV24
93;CIUDAD UNIVERSITARIA;9;MONCLOA - ARAVACA;438790,056;4478480,258;ETRS89;40,45473251;-3,72189076;;;;;;;PV24
93;CIUDAD UNIVERSITARIA;9;MONCLOA - ARAVACA;438675,604;4478433,465;ETRS89;40,45430254;-3,72323595;;;;;;;PV24
93;CIUDAD UNIVERSITARIA;9;MONCLOA - ARAVACA;438599,065;4478404,846;ETRS89;40,45403908;-3,72413578;;;;;;;PV24
93;CIUDAD UNIVERSITARIA;9;MONCLOA - ARAVACA;438568,502;4478407,44;ETRS89;40,45406019;-3,72449645;;;;;;;PV24
93;CIUDAD UNIVERSITARIA;9;MONCLOA - ARAVACA;438662,648;4478554,53;ETRS89;40,45539219;-3,72340043;;;;;;;PV24
93;CIUDAD UNIVERSITARIA;9;MONCLOA - ARAVACA;438668,244;4478615,665;ETRS89;40,45594333;-3,72334034;;;;;;;PV24
93;CIUDAD UNIVERSITARIA;9;MONCLOA - ARAVACA;438593,602;4478711,641;ETRS89;40,4568024;-3,72422988;;;;;;;PV24
93;CIUDAD UNIVERSITARIA;9;MONCLOA - ARAVACA;438655,272;4478772,337;ETRS89;40,45735373;-3,72350846;;;;;;;PV24
93;CIUDAD UNIVERSITARIA;9;MONCLOA - ARAVACA;438599,394;4478920,47;ETRS89;40,45868404;-3,72418177;;;;;;;PV24
93;CIUDAD UNIVERSITARIA;9;MONCLOA - ARAVACA;438485,609;4478957,395;ETRS89;40,45900826;-3,72552727;;;;;;;PV24
15;UNIVERSIDAD;1;CENTRO;440202,838;4474738,128;ETRS89;40,42112462;-3,7048779;PLAZA;SANTA MARIA SOLEDAD TORRES ACOSTA;1;28004;SANTA MARIA SOLEDAD TORRES ACOSTA, 1;11007101;AE21
131;ENTREVIAS;13;PUENTE DE VALLECAS;442319,376;4470058,647;ETRS89;40,37911873;-3,67950625;RONDA;SUR;117;28053;;11090038;AE21
93;CIUDAD UNIVERSITARIA;9;MONCLOA - ARAVACA;438510,608;4479055,377;ETRS89;40,45989276;-3,72524194;;;;;;;PV24
93;CIUDAD UNIVERSITARIA;9;MONCLOA - ARAVACA;438626,189;4479108,049;ETRS89;40,4603758;-3,7238839;;;;;;;PV24
183;ENSANCHE DE VALLECAS;18;VILLA DE VALLECAS;446794,564;4469802,098;ETRS89;40,37710531;-3,62676803;CALLE;SIERRA VIEJA;38;28031;SIERRA VIEJA, 000038;11130481;AE21
86;VALVERDE;8;FUENCARRAL - EL PARDO;443612,825;4484668,258;ETRS89;40,51081793;-3,66556671;CALLE;PORTOMARIN;21;28050;DE SANTISO;31050947;AE21
151;VENTAS;15;CIUDAD LINEAL;444146,811;4474946,442;ETRS89;40,42327531;-3,65840839;CALLE;RICARDO ORTIZ;84;28017;PARQUE DE RICARDO ORTIZ;11103458;AE21
85;LA PAZ;8;FUENCARRAL - EL PARDO;440771,795;4481755,996;ETRS89;40,48438525;-3,69882625;CALLE;SANTIAGO DE COMPOSTELA;40;28034;NARCIS MONTURIOL;11045914;AE21
183;ENSANCHE DE VALLECAS;18;VILLA DE VALLECAS;446768,99;4468922,094;ETRS89;40,369176;-3,62699579;AVENIDA;MAYORAZGO;30;28051;C/GRANJA DE SAN IDELFONSO;31065785;AE21
97;ARAVACA;9;MONCLOA - ARAVACA;433907,73;4479309,895;ETRS89;40,46183218;-3,77955288;PASEO;ERMITA;30;28023;ARAIZ;11057313;AE21
142;HORCAJO;14;MORATALAZ;446358,202;4472834,792;ETRS89;40,40439779;-3,63216356;CALLE;LAGUNA NEGRA;1 A;28030;CALLE CAÑON DEL RIO LOBOS;20129775;AE21
174;LOS ROSALES;17;VILLAVERDE;441197,831;4467119,783;ETRS89;40,35256537;-3,69244671;PLAZA;CHOZAS DE CANALES;1;28021;AV ANDALUCIA;11126886;AE21
204;ARCOS;20;SAN BLAS - CANILLEJAS;447605,053;4475160,579;ETRS89;40,42542935;-3,61766192;CALLE;CONSERVEROS;17;28037;APAREJADORES;11135747;AE21
97;ARAVACA;9;MONCLOA - ARAVACA;433830,431;4477500,419;ETRS89;40,4455258;-3,78027596;AVENIDA;TALGO;1;28023;CARRETERA DE ARAVACA;20172160;AE21
93;CIUDAD UNIVERSITARIA;9;MONCLOA - ARAVACA;438473,254;4479011,271;ETRS89;40,45949268;-3,7256782;;;;;;;PV24
93;CIUDAD UNIVERSITARIA;9;MONCLOA - ARAVACA;438593,46;4479061,258;ETRS89;40,45995187;-3,72426538;;;;;;;PV24
183;ENSANCHE DE VALLECAS;18;VILLA DE VALLECAS;446936,659;4469661,572;ETRS89;40,37584841;-3,62508252;CALLE;MARTIN MUÑOZ DE LAS POSADAS;1A;28031;MARTÍN MUÑOZ DE LAS POSADAS, 000001  A;31030080;AE21
24;LEGAZPI;2;ARGANZUELA;441670,193;4471254,287;ETRS89;40,38984452;-3,6872629;CALLE;BRONCE;5;28045;AV DEL PLANETARIO;31007293;AE21
133;PALOMERAS BAJAS;13;PUENTE DE VALLECAS;444029,144;4471341,061;ETRS89;40,39078808;-3,65947829;CALLE;ARROYO DEL OLIVAR;15;28053;PAYASO FOFO;11095427;AE21
133;PALOMERAS BAJAS;13;PUENTE DE VALLECAS;444069,545;4469888,385;ETRS89;40,37770421;-3,65887477;CALLE;PUERTO DE BALBARAN;39;28018;AHIJONES;11093744;AE21
165;APOSTOL SANTIAGO;16;HORTALEZA;443984,471;4480994,008;ETRS89;40,47774389;-3,66085543;CALLE;VELEZ RUBIO;41;28033;PARQUE DE MANOTERAS;11121907;AE21
205;ROSAS;20;SAN BLAS - CANILLEJAS;448252,724;4474592,226;ETRS89;40,4203498;-3,60998096;CALLE;MARSELLA;29;28022;PARQUE DE LAS ROSAS;20126474;AE21
126;ZOFIO;12;USERA;439579,036;4470630,531;ETRS89;40,38407636;-3,71184073;AVENIDA;RAFAELA YBARRA;23;28026;PARQUE OLOF PALME;11086744;AE21
151;VENTAS;15;CIUDAD LINEAL;444293,016;4474724,407;ETRS89;40,4212849;-3,65666555;AVENIDA;MARQUES DE CORBERA;4;28017;FELIX RODRIGUEZ DE LA FUENTE;20167853;AE21
183;ENSANCHE DE VALLECAS;18;VILLA DE VALLECAS;447638,516;4468990,407;ETRS89;40,36984648;-3,61676002;AVENIDA;VILLA DE VALLECAS;21;28031;C/ TORRE DE JUAN ABAD;31001910;AE21
214;TIMON;21;BARAJAS;449509,544;4480566,551;ETRS89;40,47424742;-3,59564167;CALLE;PLAYA DE BARLOVENTO;12;28042;C/ARROYO DE LA TIA MARTINA CV C/SIMUN;31033337;AE21
125;MOSCARDO;12;USERA;439634,073;4471201,732;ETRS89;40,38922602;-3,71124649;CALLE;GENERAL MARVA;53;28026;CALLE DE GOYENECHE;11084410;AE21
117;ABRANTES;11;CARABANCHEL;438720,751;4469762,042;ETRS89;40,3761899;-3,72186822;CALLE;VIA LUSITANA;3;28025;PARQUE EMPERATRIZ MARIA DE AUSTRIA;31035183;AE21
117;ABRANTES;11;CARABANCHEL;438674,725;4470240,541;ETRS89;40,38049707;-3,72245641;CALLE;VIA LUSITANA;3;28025;PARQUE EMPERATRIZ MARIA DE AUSTRIA;31035183;AE21
166;VALDEFUENTES;16;HORTALEZA;445270,545;4482139,74;ETRS89;40,48815094;-3,64578252;AVENIDA;NICETO ALCALA ZAMORA;3;28050;CALLE ALBERTO DE PALACIOS;31011039;AE21
125;MOSCARDO;12;USERA;440197,879;4471385,439;ETRS89;40,39092161;-3,70462132;CALLE;VALLANDES;2;28026;DE LAS CALESAS;20002230;AE21
171;VILLAVERDE ALTO - CASCO HISTORICO DE VILLAVERDE;17;VILLAVERDE;440538,549;4465150,182;ETRS89;40,3347753;-3,70002634;CALLE;TRANSVERSAL SEXTA;10B;28021;;20127343;AE21
146;VINATEROS;14;MORATALAZ;446073,31;4472649,898;ETRS89;40,40271375;-3,63550512;Calle;Luis de Hoyos Sainz;108;28030;;11102891;AE21
122;ORCASUR;12;USERA;440743,909;4468957,903;ETRS89;40,36909208;-3,69796242;CALLE;MARACENA;2;28041;;11081218;AE21
183;ENSANCHE DE VALLECAS;18;VILLA DE VALLECAS;448504,215;4468886,401;ETRS89;40,36896345;-3,6065552;CALLE;ENTREPEÑAS;43;28051;;31033787;AE21
136;NUMANCIA;13;PUENTE DE VALLECAS;444420,92;4471998,38;ETRS89;40,39673583;-3,65491983;CALLE;BENJAMIN PALENCIA;2;28038;;20002299;AE21
133;PALOMERAS BAJAS;13;PUENTE DE VALLECAS;444449,134;4471339,467;ETRS89;40,39080183;-3,65452991;CALLE;ESCRITOR;3;28038;;20003182;AE21
97;ARAVACA;9;MONCLOA - ARAVACA;434194,549;4478364,537;ETRS89;40,45333891;-3,77607217;CALLE;VIRGEN DE LOS ROSALES;42;28023;CALLE VIRGEN DE LOS ROSALES, 42;20125594;AE21
116;BUENAVISTA;11;CARABANCHEL;435789,964;4469767,606;ETRS89;40,37601938;-3,7563906;CAMINO;CRUCES;4;28044;;20078470;AE21
107;AGUILAS;10;LATINA;434995,623;4470782,914;ETRS89;40,3851041;-3,76585067;CALLE;NAVIA;21;28044;;20137009;AE21
44;GUINDALERA;4;SALAMANCA;443204,759;4475739,382;ETRS89;40,43035475;-3,6695836;CALLE;FLORESTAN AGUILAR;2;28028;PARRQUE EVA DUARTE DE PERON;11017052;AE21
24;LEGAZPI;2;ARGANZUELA;441979,994;4470934,495;ETRS89;40,3869853;-3,68358383;PARQUE;ENRIQUE TIERNO GALVAN;;;;;AE21
175;ANGELES;17;VILLAVERDE;441038,68;4466854,979;ETRS89;40,35016863;-3,69429626;CALLE;ALCOCER;1;28021;ALCOCER 1;11128272;AE21
116;BUENAVISTA;11;CARABANCHEL;436062,178;4469289,253;ETRS89;40,37173109;-3,75313622;CALLE;GUITARRA;9;28044;;11077474;AE21
171;VILLAVERDE ALTO - CASCO HISTORICO DE VILLAVERDE;17;VILLAVERDE;440222,259;4465963,274;ETRS89;40,34207752;-3,7038258;CALLE;LENGUAS;6G;28021;;31019468;AE21
125;MOSCARDO;12;USERA;440081,976;4471581,671;ETRS89;40,39268104;-3,70600531;PASEO;SANTA MARIA DE LA CABEZA;93;28026;;31027444;AE21
116;BUENAVISTA;11;CARABANCHEL;437232,446;4469088,113;ETRS89;40,37000807;-3,7393327;AVENIDA;EURO;16;28054;;31031211;AE21
136;NUMANCIA;13;PUENTE DE VALLECAS;444908,618;4472281,353;ETRS89;40,39931743;-3,64919785;AUTOVIA;A-3;500SA;28038;;31031227;AE21
86;VALVERDE;8;FUENCARRAL - EL PARDO;442972,168;4484591,09;ETRS89;40,51007898;-3,67312126;CALLE;FROMISTA;15 A;28050;;31012691;AE21
183;ENSANCHE DE VALLECAS;18;VILLA DE VALLECAS;446458,151;4469611,19;ETRS89;40,37536393;-3,63071476;CALLE;TINEO;13;28031;;31016534;AE21
95;VALDEMARIN;9;MONCLOA - ARAVACA;433250,01;4479877,533;ETRS89;40,46689301;-3,78736965;AVENIDA;VALDEMARIN;109;28023;;20166358;AE21
127;PRADOLONGO;12;USERA;440520,941;4470048,468;ETRS89;40,3789006;-3,70069028;CALLE;TOMELLOSO;63;28026;;11082377;AE21
33;ESTRELLA;3;RETIRO;443925,036;4474193,601;ETRS89;40,41647839;-3,66095617;;;;;PARQUE ROMA;;AE21
54;HISPANOAMERICA;5;CHAMARTIN;442936,425;4478574,203;ETRS89;40,45587384;-3,67300155;CALLE;URUGUAY;23;28016;;11025164;AE21
107;AGUILAS;10;LATINA;434518,081;4469811,049;ETRS89;40,37631177;-3,7713765;CALLE;SOLEDAD CAZORLA;20;28044;;20020646;AE21
116;BUENAVISTA;11;CARABANCHEL;435784,086;4468490,011;ETRS89;40,36450979;-3,75633116;CALLE;MORALES;13;28054;SALVADOR ALLENDE;31001529;AE21
75;RIOS ROSAS;7;CHAMBERI;440903,135;4477517,686;ETRS89;40,44621418;-3,69688197;CALLE;RAIMUNDO FERNANDEZ VILLAVERDE;50;28003;;11042234;AE21
183;ENSANCHE DE VALLECAS;18;VILLA DE VALLECAS;448486,224;4469753,096;ETRS89;40,37677015;-3,60683713;CALLE;MAZATERON;12;28051;REAL DE ARGANDA;31063532;AE21
171;VILLAVERDE ALTO - CASCO HISTORICO DE VILLAVERDE;17;VILLAVERDE;440106,817;4466195,097;ETRS89;40,34415764;-3,70520667;CALLE;AMADEO FERNANDEZ;11;28021;JARDIN DE LA LUZ;11125656;AE21
183;ENSANCHE DE VALLECAS;18;VILLA DE VALLECAS;448543,704;4468324,954;ETRS89;40,36390797;-3,60604479;CALLE;JOSE GUTIERREZ MAROTO;39;28051;CERRO MILANO;31019548;AE21
208;EL SALVADOR;20;SAN BLAS - CANILLEJAS;447101,547;4477196,931;ETRS89;40,44374215;-3,6237667;PLAZA;ENSIDESA;1;28027;PLAZA ENSIDESA;20158323;AE21
117;ABRANTES;11;CARABANCHEL;438348,806;4469797,06;ETRS89;40,37647793;-3,72625278;CALLE;CAZALEGAS;5 E;28025;PARQUE DE LA EMPERATRIZ MARIA DE AUSTRIA;31003931;AE21
104;ALUCHE;10;LATINA;436435,006;4471852,334;ETRS89;40,39484895;-3,74900066;CALLE;DUQUESA DE PARCENT;48;28047;CALLE LOS YEBENES;11063785;AE21
131;ENTREVIAS;13;PUENTE DE VALLECAS;443878,232;4469004,796;ETRS89;40,36973143;-3,66105055;AVENIDA;JOAQUIN GARRIGUES WALKER;3;28053;PARQUE GARRIGUES WALKER;31046275;AE21
211;ALAMEDA DE OSUNA;21;BARAJAS;450400,465;4478916,754;ETRS89;40,45943874;-3,58500293;CALLE;LA RIOJA;27;28042;C/LA RIOJA 27;11139917;AE21
143;MARROQUINA;14;MORATALAZ;446562,57;4473775,04;ETRS89;40,41288127;-3,6298342;AVENIDA;Avenida del Doctor Garcia Tapia;125;28030;;;PV24
143;MARROQUINA;14;MORATALAZ;446563,49;4473810,65;ETRS89;40,41320213;-3,62982635;AVENIDA;Avenida del Doctor Garcia Tapia;125;28030;;;PV24
126;ZOFIO;12;USERA;439268,98;4469661,71;ETRS89;40,37532619;-3,71540101;CALLE;RICARDO BELTRAN Y ROZPIDE;28;28026;AVENA;20001083;AE21
126;ZOFIO;12;USERA;439313,063;4470663,782;ETRS89;40,38435658;-3,71497719;CALLE;SAN ELIAS;1;28026;SAN MAGIN;11085146;AE21
25;DELICIAS;2;ARGANZUELA;441209,363;4472167,743;ETRS89;40,39804102;-3,69277652;CALLE;TOMAS BRETON;47 A;28045;ALONSO MARTOS;20007918;AE21
133;PALOMERAS BAJAS;13;PUENTE DE VALLECAS;443865,105;4470604,736;ETRS89;40,38414378;-3,66134608;CALLE;LA DILIGENCIA;6;28018;CV CALLE CANDILEJAS;31043258;AE21
163;CANILLAS;16;HORTALEZA;445567,565;4479412,846;ETRS89;40,46360527;-3,64204399;CALLE;ALCORISA;4;28043;Ctra · CARRETERA CANILLAS 98 , ASCENDIENTE 1: 163;11116820;AE21
117;ABRANTES;11;CARABANCHEL;438862,257;4470359,936;ETRS89;40,38158642;-3,72025876;CALLE;VIA LUSITANA;3;28025;PARQUE EMPERATRIZ MARIA DE AUSTRIA;31035183;AE21
132;SAN DIEGO;13;PUENTE DE VALLECAS;443383,311;4471164,249;ETRS89;40,38915161;-3,66707163;CALLE;SIERRA DE ALQUIFE;8;28053;DE LAS PALOMERAS,37;11092598;AE21
104;ALUCHE;10;LATINA;435507,06;4471479,611;ETRS89;40,39141998;-3,75989621;CALLE;QUERO;29;28024;PARQUE ALUCHE;11065523;AE21
181;CASCO HISTORICO DE VALLECAS;18;VILLA DE VALLECAS;446909,936;4469571,909;ETRS89;40,37503897;-3,62538983;CALLE;SIERRA DE PALOMERAS;40;28031;MARTIN MUÑOZ DE LAS POSADAS;31008261;AE21
115;PUERTA BONITA;11;CARABANCHEL;437591,432;4469708,984;ETRS89;40,37562813;-3,73516535;AVENIDA;ABRANTES;291;28025;BESOLLA;31000690;AE21
122;ORCASUR;12;USERA;440903,46;4468855,452;ETRS89;40,36818047;-3,69607375;CALLE;ALERCE;5;28041;CON PINSAPO;20089216;AE21
22;ACACIAS;2;ARGANZUELA;439804,417;4473048,973;ETRS89;40,4058792;-3,70941425;RONDA;TOLEDO;12;28005;CONCEJAL BENITO MARTIN LOZANO;20007348;AE21
81;EL PARDO;8;FUENCARRAL - EL PARDO;434540,037;4485349,897;ETRS89;40,51629189;-3,77271935;AVENIDA;GUARDIA;19;28048;PARQUE MAR OCEANA;31022099;AE21
124;ALMENDRALES;12;USERA;440701,974;4470399,585;ETRS89;40,38207656;-3,69859045;PLAZA;CAMPO DE CRIPTANA;3;28026;TOMELLOSO;31012975;AE21
27;ATOCHA;2;ARGANZUELA;442351,53;4471898,528;ETRS89;40,39569564;-3,67929399;CALLE;MENDEZ ALVARO;77 A;28045;PEDRO BOSCH;20112157;AE21
116;BUENAVISTA;11;CARABANCHEL;435518,878;4469646,332;ETRS89;40,37490596;-3,75957144;CALLE;MASCARAQUE;42;28044;PARQUE DE LAS CRUCES;11077854;AE21
124;ALMENDRALES;12;USERA;440390,19;4470230,07;ETRS89;40,38052723;-3,70224746;CALLE;CRISTO DE LA VICTORIA;33;28026;CV CRISTO DE LEPANTO;11085828;AE21
151;VENTAS;15;CIUDAD LINEAL;444884,159;4475243,982;ETRS89;40,42600489;-3,64974271;CALLE;SANTA FELICIDAD;20;28017;CV C/MARIA TERESA SAEZ DE HEREDIA;11103833;AE21
171;VILLAVERDE ALTO - CASCO HISTORICO DE VILLAVERDE;17;VILLAVERDE;439058,342;4466536,781;ETRS89;40,3471598;-3,71758355;PASEO;FERROVIARIOS;43;28021;PARQUE PLATA Y CASTAÑAR 37;11124621;AE21
183;ENSANCHE DE VALLECAS;18;VILLA DE VALLECAS;447872,632;4469200,363;ETRS89;40,37175259;-3,61401971;AVENIDA;LA GAVIA;42;28051;AV DEL ENSANCHEZ DE VALLECAS;31053927;AE21
82;FUENTELARREINA;8;FUENCARRAL - EL PARDO;437391,534;4481246,314;ETRS89;40,47954586;-3,73865614;CALLE;FRESNEDILLAS;33;28035;GABRIELA MISTRAL;20167433;AE21
97;ARAVACA;9;MONCLOA - ARAVACA;433346,533;4478846,311;ETRS89;40,45761128;-3,78612288;CALLE;RISCO DE LOS CLAVELES;1;28023;CALLE ZARZA;31069513;AE21
103;LUCERO;10;LATINA;435736,479;4472328,975;ETRS89;40,39908912;-3,75727899;CALLE;SEPULVEDA;216;28011;CV C. DE LOS YEBENES;31018166;AE21
131;ENTREVIAS;13;PUENTE DE VALLECAS;443979,64;4468928,7;ETRS89;40,36905273;-3,65984947;AVENIDA;JOAQUIN GARRIGUES WALKER;3;28053;PARQUE GARRIGUES WALKER;31046275;AE21
143;MARROQUINA;14;MORATALAZ;446609,04;4473744,53;ETRS89;40,4126094;-3,62928395;AVENIDA;Avenida del Doctor Garcia Tapia;125;28030;;;PV24
143;MARROQUINA;14;MORATALAZ;446540,79;4473787,3;ETRS89;40,41299032;-3,63009192;AVENIDA;Avenida del Doctor Garcia Tapia;125;28030;;;PV24
82;FUENTELARREINA;8;FUENCARRAL - EL PARDO;437527,373;4481645,851;ETRS89;40,48315524;-3,737093;CALLE;GABRIELA MISTRAL;16;28035;LILI ALVAREZ;11051403;AE21
126;ZOFIO;12;USERA;439274,726;4469652,472;ETRS89;40,37524339;-3,71533245;CALLE;RICARDO BELTRAN Y ROZPIDE;28;28026;AVENA;20001083;AE21
182;SANTA EUGENIA;18;VILLA DE VALLECAS;448097,092;4470027,98;ETRS89;40,37922235;-3,61144328;CALLE;REAL DE ARGANDA;1;28031;PLAZA ENRIQUE DE MESA;11130180;AE21
133;PALOMERAS BAJAS;13;PUENTE DE VALLECAS;443864,516;4469955,486;ETRS89;40,37829491;-3,66129582;CALLE;PUERTO DE BALBARAN;125;28018;FELIPE DE DIEGO;20081321;AE21
133;PALOMERAS BAJAS;13;PUENTE DE VALLECAS;444049,579;4471339,715;ETRS89;40,39077732;-3,65923741;CALLE;ARROYO DEL OLIVAR;15;28053;SIERRA DEL VALLE;11095427;AE21
131;ENTREVIAS;13;PUENTE DE VALLECAS;442564,384;4470313,854;ETRS89;40,3814347;-3,67664313;RONDA;SUR;2;28053;C/ LAGARTERA;31012755;AE21
83;PEÑAGRANDE;8;FUENCARRAL - EL PARDO;437908,802;4482002,126;ETRS89;40,48639329;-3,7326279;CALLE;MARIA DE MAEZTU;4;28049;LILI ALVAREZ CV MADRE TERESA DE CALCUTA;31054538;AE21
84;PILAR;8;FUENCARRAL - EL PARDO;439964,516;4481434,502;ETRS89;40,48143113;-3,70832011;CALLE;SANTIAGO DE COMPOSTELA;62;28034;CV C/PINTOR FRANCISCO LLORENS;11045726;AE21
54;HISPANOAMERICA;5;CHAMARTIN;442792,421;4478580,469;ETRS89;40,45592039;-3,67470037;CALLE;PUERTO RICO;29;28016;C/PUERTO RICO 29;11025194;AE21
65;VALDEACEDERAS;6;TETUAN;439941,714;4479626,547;ETRS89;40,46514275;-3,70841793;PASEO;DIRECCION;190;28039;PASEO DE LA DIRECCIÓN 215;31028286;AE21
125;MOSCARDO;12;USERA;440121,916;4471481,691;ETRS89;40,39178324;-3,70552534;CALLE;MARIBLANCA;14;28026;C/TORERO;11084099;AE21
121;ORCASITAS;12;USERA;440251,952;4469132,232;ETRS89;40,37062742;-3,70377298;CALLE;CAMPOTEJAR;15;28041;EXPROPIACION,1;11080910;AE21
121;ORCASITAS;12;USERA;438947,427;4469254,439;ETRS89;40,37163379;-3,71914956;CALLE;GAINZA;35;28041;GIANZA 35;11079657;AE21
174;LOS ROSALES;17;VILLAVERDE;441918,676;4467235,501;ETRS89;40,35365834;-3,68396925;PASEO;ESTACION;3;28021;CV GRAN VIA DE VILLA VERDE;11127008;AE21
171;VILLAVERDE ALTO - CASCO HISTORICO DE VILLAVERDE;17;VILLAVERDE;440332,498;4465878,41;ETRS89;40,34132091;-3,70252;AVENIDA;GRAN VIA DE VILLAVERDE;16;28021;GRAN VIA DE VILLAVERDE 16;31065315;AE21
174;LOS ROSALES;17;VILLAVERDE;441674,036;4466587,522;ETRS89;40,34780388;-3,68679073;AVENIDA;GRAN VIA DE VILLAVERDE;8 Z;28021;GRAN VIA DE VILLAVERDE 8;31073877;AE21
164;PINAR DEL REY;16;HORTALEZA;445130,232;4480958,378;ETRS89;40,47749941;-3,64733581;CALLE;SANTA SUSANA;29;28033;CALLE DE SANTA SUSANA 29;11119461;AE21
123;SAN FERMIN;12;USERA;441187,77;4469720,917;ETRS89;40,37599717;-3,69280505;CALLE;SAN MARIO;18;28041;CALLE DE SAN MARIO 18;31024105;AE21
122;ORCASUR;12;USERA;440519,03;4468768,559;ETRS89;40,36737035;-3,70059336;AVENIDA;ORCASUR;52;28041;PLAZA DEL PUEBLO;11081135;AE21
133;PALOMERAS BAJAS;13;PUENTE DE VALLECAS;443808,394;4471282,26;ETRS89;40,3902435;-3,66207393;CALLE;ANTONIO FOLGUERAS;22;28018;CALLE ANTONIO FOLGUERAS, 22     ;11095006;AE21
93;CIUDAD UNIVERSITARIA;9;MONCLOA-ARAVACA;438652,028;4478766,519;ETRS89;40,45730108;-3,72354616;Calle;Calle de Francos Rodríguez;;28040;;;PV24
93;CIUDAD UNIVERSITARIA;9;MONCLOA-ARAVACA;438663,889;4478556,774;ETRS89;40,45541249;-3,72338601;Calle;Calle de Francos Rodríguez;;28040;;;PV24
127;PRADOLONGO;12;USERA;440145,739;4469316,793;ETRS89;40,37228242;-3,7050413;AVENIDA;POBLADOS;169;28041;PRADOLONGO;31007159;AE21
134;PALOMERAS SURESTE;13;PUENTE DE VALLECAS;446202,801;4471173,124;ETRS89;40,38941841;-3,63385444;CALLE;RAFAEL FERNANDEZ HIJICOS;43;28038;MIGUEL HERNANDEZ 11;11096620;AE21
146;VINATEROS;14;MORATALAZ;445561,437;4472667,587;ETRS89;40,40283979;-3,6415385;CALLE;HACIENDA DE PAVONES;160;28030;PLAZA CORREGIDOR CONDE DE MACEDA Y TABOADA;11102502;AE21
192;VALDEBERNARDO;19;VICALVARO;447067,664;4472107,453;ETRS89;40,39789086;-3,62374261;BULEVAR;JOSE PRAT;11;28032;PALMERAS VALDEBERNARDO;20123299;AE21
136;NUMANCIA;13;PUENTE DE VALLECAS;444051,631;4472960,7;ETRS89;40,40538024;-3,65935568;CALLE;SIERRA TOLEDANA;65;28038;SIERRA ELVIRA;11142930;AE21
173;BUTARQUE;17;VILLAVERDE;442329,104;4467141,636;ETRS89;40,35284122;-3,67912786;AVENIDA;LOS ROSALES;121;28021;C/MICA;20176939;AE21
107;AGUILAS;10;LATINA;435176,735;4469459,981;ETRS89;40,37320069;-3,76358251;CALLE;CARMEN MARTIN GAITE;4;28044;JOAQUIN TURINA;31051023;AE21
61;BELLAS VISTAS;6;TETUAN;439725,675;4478103,783;ETRS89;40,45140945;-3,71082144;CALLE;FRANCISCO BALSEIRO;1;28039;JARDINES CARLOS PARIS;31009723;AE21
181;CASCO HISTORICO DE VALLECAS;18;VILLA DE VALLECAS;446888,388;4469548,404;ETRS89;40,37482584;-3,62564169;CALLE;SIERRA DE PALOMERAS;40;28031;MARTIN MUÑOZ DE LAS POSADAS;31008261;AE21
62;CUATRO CAMINOS;6;TETUAN;441041,803;4478235,757;ETRS89;40,45269273;-3,69531355;AVENIDA;GENERAL PERON;23;28020;JULIAN BESTEIRO;31010032;AE21
122;ORCASUR;12;USERA;440924,266;4468892,036;ETRS89;40,36851151;-3,69583209;CALLE;ALERCE;5;28041;CON PINSAPO;20089216;AE21
136;NUMANCIA;13;PUENTE DE VALLECAS;444142,263;4472874,119;ETRS89;40,40460636;-3,65828004;CALLE;PEÑA LABRA;16;28038;PICO DE LA VELETA;11099569;AE21
11;PALACIO;1;CENTRO;438958,168;4474113,185;ETRS89;40,41540448;-3,71948878;PASEO;VIRGEN DEL PUERTO;4;28005;CIUDAD DE PLASENCIA;31011490;AE21
104;ALUCHE;10;LATINA;435001,566;4471700,995;ETRS89;40,393375;-3,76587435;CALLE;MAQUEDA;26;28024;C/TEMBLEQUE;11065581;AE21
151;VENTAS;15;CIUDAD LINEAL;444341,778;4475724,157;ETRS89;40,43029445;-3,65617831;AVENIDA;DAROCA;15;28017;PLAZA BAMI;11104596;AE21
107;AGUILAS;10;LATINA;435467,507;4469640,618;ETRS89;40,37485051;-3,76017595;CALLE;MASCARAQUE;38;28044;PARQUE DE LAS CRUCES;11077852;AE21
122;ORCASUR;12;USERA;440522,601;4469445,29;ETRS89;40,37346697;-3,70061444;CALLE;MADRE ROSA BLANCO;2;28041;PARQUE MIGUEL SARABIA GIL;31018991;AE21
126;ZOFIO;12;USERA;439527,076;4470583,255;ETRS89;40,38364671;-3,71244836;AVENIDA;RAFAELA YBARRA;4;28026;RAFAELA YBARRA 4;20025114;AE21
131;ENTREVIAS;13;PUENTE DE VALLECAS;442626,712;4470503,1;ETRS89;40,38314383;-3,67592594;RONDA;SUR;2;28053;C/ LAGARTERA;31012755;AE21
181;CASCO HISTORICO DE VALLECAS;18;VILLA DE VALLECAS;446943,396;4469223,298;ETRS89;40,37190057;-3,62496668;CALLE;NAVAMURES;25;28031;PUERTO DE PORZUNA,50;31025565;AE21
85;LA PAZ;8;FUENCARRAL - EL PARDO;440362,071;4481515,544;ETRS89;40,48218984;-3,70363757;CALLE;PEDRO RICO;49;28029;CV  C/FINISTERRE;20098055;AE21
83;PEÑAGRANDE;8;FUENCARRAL - EL PARDO;437910,559;4482004,369;ETRS89;40,48641363;-3,73260739;CALLE;ARROYO DEL MONTE;17;28049;ARROYO DEL MONTE 17;31055760;AE21
54;HISPANOAMERICA;5;CHAMARTIN;442785,525;4478565,593;ETRS89;40,4557859;-3,67478036;CALLE;PUERTO RICO;27;28016;PUERTO RICO 27;11025193;AE21
116;BUENAVISTA;11;CARABANCHEL;436240,363;4468569,501;ETRS89;40,36526089;-3,75096554;AVENIDA;CARABANCHEL ALTO;21;28054;C/BLANCA CV C/DINERO;31069202;AE21
121;ORCASITAS;12;USERA;440215,509;4469037,072;ETRS89;40,36976755;-3,70419329;CALLE;EXPROPIACION;1;28041;CALLE CAMPOTEJAR, 15;11080731;AE21
121;ORCASITAS;12;USERA;438941,872;4469133,833;ETRS89;40,37054691;-3,71920344;CALLE;GAINZA;103;28041;GAINZA 103;11079590;AE21
121;ORCASITAS;12;USERA;438951,484;4469253,283;ETRS89;40,37162368;-3,71910167;CALLE;GAINZA;35;28041;GAINZA 35;11079657;AE21
171;VILLAVERDE ALTO - CASCO HISTORICO DE VILLAVERDE;17;VILLAVERDE;440051,782;4465858,793;ETRS89;40,34112407;-3,70582305;AVENIDA;REAL DE PINTO;82;28021;JUNTO A LAS LETRAS GRAN VIA DE VILLAVERDE;20079282;AE21
171;VILLAVERDE ALTO - CASCO HISTORICO DE VILLAVERDE;17;VILLAVERDE;440637,198;4466111,974;ETRS89;40,34344672;-3,69895446;AVENIDA;GRAN VIA DE VILLAVERDE;12;28021;GRAN VIA DE VILLAVERDE 12;31065313;AE21
174;LOS ROSALES;17;VILLAVERDE;441869,925;4466789,542;ETRS89;40,34963747;-3,68450268;AVENIDA;GRAN VIA DE VILLAVERDE;6 Z;28021;GRAN VIA DE VILLAVERDE 6;31073878;AE21
123;SAN FERMIN;12;USERA;441160,757;4469735,234;ETRS89;40,37612424;-3,69312456;CALLE;SAN MAXIMO;8;28041;CALLE DE SAN MÁXIMO 8;20075898;AE21
181;CASCO HISTORICO DE VALLECAS;18;VILLA DE VALLECAS;446383,189;4468653,31;ETRS89;40,36672989;-3,63151719;;;;28031;;;PV24
101;LOS CARMENES;10;LATINA;437827,292;4472711,056;ETRS89;40,4026898;-3,73268019;CALLE;LUISA MURIEL;1;28047;CALLE LUISA MURIEL1;20019112;AE21
133;PALOMERAS BAJAS;13;PUENTE DE VALLECAS;443798,116;4471289,125;ETRS89;40,39030465;-3,66219563;CALLE;ANTONIO FOLGUERAS;22;28018;CALLE ANTONIO FOLGUERAS, 22     ;11095006;AE21
93;CIUDAD UNIVERSITARIA;9;MONCLOA-ARAVACA;438625,06;4478662,335;ETRS89;40,45636056;-3,72385412;Calle;Calle de Francos Rodríguez;;28040;;;PV24
93;CIUDAD UNIVERSITARIA;9;MONCLOA-ARAVACA;438580,454;4478392,221;ETRS89;40,45392398;-3,72435403;Calle;Calle de Francos Rodríguez;;28040;;;PV24
175;ANGELES;17;VILLAVERDE;440578,013;4467984,537;ETRS89;40,36031165;-3,69982564;CALLE;LA CANCION DEL OLVIDO;48;28041;PARQUE DE INGENIEROS;11129067;AE21
133;PALOMERAS BAJAS;13;PUENTE DE VALLECAS;444422,63;4471304,541;ETRS89;40,39048543;-3,65483913;CALLE;ESCRITOR;3;28038;PARQUE AZORIN;20003182;AE21
182;SANTA EUGENIA;18;VILLA DE VALLECAS;448275,281;4470285,356;ETRS89;40,38155205;-3,60936513;CALLE;ZAZUAR;8;28031;SANTA EGUGENIA;11131614;AE21
193;VALDERRIVAS;19;VICALVARO;448792,898;4472000,735;ETRS89;40,39703735;-3,60340535;CALLE;CALIZA;22;28032;AV. GRAN VIA DEL ESTE;20180508;AE21
173;BUTARQUE;17;VILLAVERDE;442286,467;4466829,38;ETRS89;40,35002528;-3,67960168;CALLE;ORO;16;28021;C. CALCIO;31050200;AE21
